nombre,direccion,ciudad,grupo,lat,lon
Distribuidora Norte,Av. 10 de Agosto y Colón,Quito,Mayorista,-0.1807,-78.4678
Bodega Simón Bolívar,Av. Simón Bolívar km 12,Quito,Mayorista,-0.2300,-78.4815
Punto Cumbayá,Ruta Viva sector Cumbayá,Quito,Retail,-0.1935,-78.4405
Ferretería Urdesa,Av. Carlos Julio Arosemena km 2,Guayaquil,Retail,-2.1655,-79.9035
Centro Logístico Bombero,Av. Del Bombero km 3,Guayaquil,Mayorista,-2.1690,-79.9200
Local Centro GYE,Av. 9 de Octubre,Guayaquil,Retail,-2.1900,-79.8830
Cliente Samborondón,La Puntilla,Samborondón,Retail,-2.1400,-79.8400
Almacén Centro Histórico,Calle Larga,Cuenca,Retail,-2.8970,-79.0050
Bodega Las Américas,Av. de las Américas,Cuenca,Mayorista,-2.8850,-79.0250
